time,lcl,ucl,ratio
0.002739726,0.219644420246241,3.43517216894361,0.982960288337939
0.0136986301,0.306105217372704,4.96814815597615,1.51879972030855
0.0191780822,0.220174615181392,4.32177646339135,1.02992031277542
0.0246575342,0.257195375700331,5.76890719771024,1.32628797204689
0.0273972603,0.216622315922592,5.27746809470661,1.00752845489444
0.0301369863,0.170944468028637,3.85795157080247,0.799606774512061
0.0410958904,0.154963018233805,2.4920000510505,0.73401188158471
0.0493150685,0.140528400908451,2.00458728428876,0.642321116303469
0.0520547945,0.180164158306404,2.01870407516996,0.731299214253033
0.0575342466,0.23922450356242,1.85761318202315,0.729107155740828
0.0739726027,0.224004003661064,1.66653028850535,0.664044927663159
0.0821917808,0.265594582852637,1.81256113702581,0.753383842522352
0.0849315068,0.260529266430239,1.61840047885498,0.694288090111267
0.0876712329,0.237329214581896,1.46640748460185,0.650976483823849
0.0931506849,0.205731851377599,1.3379951151739,0.571139132640759
0.095890411,0.205731851377599,1.3379951151739,0.571139132640759
0.098630137,0.19368095034927,1.21701221430127,0.537286978345907
0.104109589,0.192196153948411,1.13743255283656,0.511257339246283
0.1068493151,0.176125426146149,1.06070634413407,0.482251850308567
0.1095890411,0.214720032448148,1.1348205075391,0.530245786086347
0.1123287671,0.200198053851565,1.09951777314258,0.503717045995297
0.1150684932,0.236967504551179,1.14018130801831,0.553690122266568
0.1260273973,0.272977705586732,1.22688769470461,0.603713049089332
0.1315068493,0.326416608381272,1.39388260041122,0.698132851505958
0.1369863014,0.317986744871983,1.28530204740864,0.67227217671678
0.1397260274,0.303813967039157,1.21635125404466,0.640909700822338
0.1424657534,0.290158841747592,1.13496835969951,0.612572638545057
0.1452054795,0.299358682021403,1.15068225510121,0.626495696461388
0.1479452055,0.29154862082958,1.12593012751255,0.608031171922309
0.1589041096,0.328494528550396,1.1978302375819,0.651589200083548
0.1616438356,0.304714890762239,1.14104453172222,0.622935420207242
0.1643835616,0.329124061654025,1.1648271415534,0.637500529018212
0.1698630137,0.356677831845464,1.21299910184611,0.672832803771907
0.1726027397,0.365133381385197,1.21795940131456,0.683346384014045
0.1753424658,0.428689475666397,1.33412510427123,0.756129815384174
0.1780821918,0.421233811278884,1.2884072401303,0.735298911399127
0.1808219178,0.421233811278884,1.2884072401303,0.735298911399127
0.1835616438,0.445377212401286,1.33412510427123,0.770632215190063
0.1863013699,0.431076059948566,1.27125957833149,0.744560500814606
0.1890410959,0.401416600981743,1.18105090051187,0.698861573097644
0.1945205479,0.418884553712961,1.19524835195571,0.729866419516899
0.197260274,0.427100059896759,1.20448699563719,0.739807855768068
0.2,0.449529994540167,1.24297657479739,0.77316567082269
0.202739726,0.423580981980172,1.16685778907671,0.747866957864256
0.2082191781,0.418729604512916,1.16765726827135,0.7498804844423
0.2136986301,0.411972050546815,1.1494483157485,0.729726638680149
0.2219178082,0.420582256363476,1.21145175710087,0.760141230196877
0.2273972603,0.40844779316187,1.17532883645027,0.738698592040695
0.2328767123,0.415494936783486,1.20564400639215,0.763488730402541
0.2356164384,0.404960961210375,1.19954975786001,0.742450469962142
0.2438356164,0.390786712835152,1.15413649627828,0.724839237357323
0.2465753425,0.42824160738851,1.18306786636348,0.751899513271437
0.2493150685,0.42824160738851,1.18306786636348,0.751899513271437
0.2520547945,0.416272211830049,1.11144780576052,0.715988512050142
0.2575342466,0.453177341780293,1.17437753323238,0.748885569368068
0.2602739726,0.440948366920833,1.14048426260057,0.730773146391613
0.2630136986,0.43263511226264,1.10047090019607,0.714263505535389
0.2657534247,0.466291830992312,1.16113576640168,0.760034688294307
0.2684931507,0.466291830992312,1.16113576640168,0.760034688294307
0.2739726027,0.469994954640095,1.21456261829881,0.784571354551909
0.2794520548,0.465793382283432,1.18136577954322,0.768368148566491
0.2821917808,0.493663410347271,1.2113779754505,0.788234881154994
0.2849315068,0.486925628382258,1.17926952627579,0.770675354237778
0.2876712329,0.49352172671808,1.20084958148481,0.792568045061066
0.2904109589,0.49221045649583,1.17272846567153,0.778189177173692
0.295890411,0.479296538474614,1.14391786984723,0.76123497196741
0.301369863,0.470132113281879,1.17478177770388,0.766721328373281
0.304109589,0.487816266766614,1.17343867872179,0.766895177355593
0.3123287671,0.474031745690129,1.16268110428418,0.750208893836891
0.3178082192,0.4651152106602,1.12857733606608,0.735829318811894
0.3205479452,0.451877890617659,1.0844536101335,0.722203241891849
0.3260273973,0.43831030215086,1.06531718228974,0.705047786574849
0.3287671233,0.434866400816284,1.04950113917345,0.691940120175595
0.3315068493,0.424076264583546,1.01755092067305,0.677792294761324
0.3342465753,0.418468274687277,1.0050095380918,0.665365797112505
0.3397260274,0.412652583892209,1.00026443935251,0.658018195407238
0.3506849315,0.409438136120227,0.991757251632192,0.648926071826263
0.3534246575,0.425993658764414,1.01674411580343,0.665526344458066
0.3589041096,0.419756804265178,1.00181626921379,0.653612696926206
0.3616438356,0.406536279739039,0.983696069771603,0.632699787502198
0.3671232877,0.402511541758551,0.955307804241912,0.624295364694242
0.3698630137,0.413533662393466,0.997152459442714,0.639688016424377
0.3726027397,0.420114485452034,0.983201639733506,0.644558401272193
0.3780821918,0.415528920826133,0.972677035985771,0.635044124670901
0.3808219178,0.40918047189373,0.953964344402237,0.625488793718284
0.3863013699,0.404709274854018,0.9327358479931,0.616233851458275
0.3890410959,0.413655750203029,0.953276540439861,0.630023090849604
0.3945205479,0.419945431544531,0.964744329049026,0.635326703391512
0.397260274,0.413497167858209,0.938343076283001,0.618463913332523
0.402739726,0.413497167858209,0.938343076283001,0.618463913332523
0.4054794521,0.410469678413762,0.928146208233255,0.610387539734254
0.4082191781,0.406315868466418,0.906618154208295,0.601852245937293
0.4191780822,0.39295165110844,0.887822224034221,0.586711898163243
0.4246575342,0.385165653912239,0.857415415658267,0.578314663475817
0.4301369863,0.392008827027958,0.878532514803954,0.591819563617097
0.4328767123,0.381632992477968,0.861478307299136,0.577924776128647
0.4383561644,0.371148620575533,0.842991822703579,0.563395608788504
0.4410958904,0.382463573336358,0.842898921124428,0.569744761129922
0.4630136986,0.395337361545791,0.872936200106704,0.595151856900706
0.4657534247,0.384977267202884,0.833925900329149,0.580333888401489
0.4821917808,0.384977267202884,0.833925900329149,0.580333888401489
0.4849315068,0.383819273108508,0.831977570842805,0.573212693136383
0.4876712329,0.379930684773163,0.821192981224724,0.566766035842945
0.498630137,0.392221508337389,0.83641968399638,0.579309908256699
0.504109589,0.388559775808109,0.821069099719401,0.570953210955556
0.5068493151,0.394904943154558,0.83628841641094,0.57876883018964
0.5095890411,0.391930184476199,0.82080535633617,0.572117533678276
0.5123287671,0.390164715841438,0.827394013600848,0.577980684447767
0.5287671233,0.389403032793999,0.814794258875048,0.572076709559245
0.5315068493,0.386542375505834,0.801262749283201,0.5656505785099
0.5342465753,0.393485934439636,0.812984265521931,0.578525294717727
0.5397260274,0.397543027616947,0.8178559360389,0.580823142859012
0.5424657534,0.41751198845279,0.848720399225726,0.613410489000435
0.5479452055,0.413131710405936,0.839015977976286,0.60578202093305
0.5534246575,0.40493158621128,0.822955038303278,0.592864020735415
0.5561643836,0.397794854347594,0.81287290043797,0.586434683528749
0.5589041096,0.415533319254865,0.838508160145465,0.607721918497373
0.5616438356,0.415533319254865,0.838508160145465,0.607721918497373
0.5643835616,0.41718078214086,0.841715777322091,0.605136404625616
0.5698630137,0.414541665525108,0.83708960231946,0.603744983222897
0.5726027397,0.408909095988235,0.815904547432833,0.593946938536221
0.5808219178,0.408909095988235,0.815904547432833,0.593946938536221
0.5835616438,0.396564992891034,0.789971594318879,0.578302010755392
0.5863013699,0.393551999856517,0.784309940655988,0.573263199167525
0.5917808219,0.38439367177824,0.773121487315191,0.561881436862507
0.6,0.38090732458804,0.76828953291072,0.556060962910469
0.6082191781,0.378416317912623,0.761976517028145,0.552097001561464
0.6109589041,0.376995968247961,0.745455147082381,0.546224269525897
0.6136986301,0.372451659580412,0.743307383834569,0.54114139235201
0.6164383562,0.364778214492865,0.728306791465993,0.531570894887181
0.6191780822,0.364778214492865,0.728306791465993,0.531570894887181
0.6219178082,0.36963186680009,0.723779296974972,0.534208102331614
0.6273972603,0.36963186680009,0.723779296974972,0.534208102331614
0.6383561644,0.365029819860035,0.715902574764037,0.529332634210314
0.6410958904,0.361866440586554,0.705503071806832,0.521827295623878
0.6438356164,0.356594126587872,0.700876403158501,0.517583521961468
0.6465753425,0.364643082825407,0.711873477954952,0.527187975374116
0.6493150685,0.371747921270966,0.721837293001846,0.532300454692556
0.6547945205,0.374311822141099,0.722383308618171,0.530463458028617
0.6630136986,0.37240833572516,0.711550077937635,0.521634850761508
0.6657534247,0.371432207385643,0.70362736666216,0.517674468072296
0.6739726027,0.375800588932511,0.710235109277617,0.524897307604253
0.6767123288,0.370697908522955,0.696700169657059,0.517083832923204
0.6794520548,0.382257552574248,0.718358350153442,0.534579364632673
0.6849315068,0.378552278634404,0.709111441757483,0.530545429119778
0.6876712329,0.374870524848762,0.703438225538928,0.534223239455601
0.695890411,0.372166451986887,0.697461700599667,0.52973557097951
0.698630137,0.372166451986887,0.697461700599667,0.52973557097951
0.701369863,0.380322164863055,0.717975447175105,0.539360177469789
0.704109589,0.383804270804147,0.71337317403447,0.542991017072792
0.7150684932,0.383008447009069,0.71337317403447,0.538343220016513
0.7205479452,0.389954732421727,0.72289467172338,0.545757081587107
0.7232876712,0.380008178159934,0.694799068864584,0.526882450102865
0.7260273973,0.386610497081962,0.698274185609771,0.53096221567133
0.7287671233,0.381185850499052,0.692566929307563,0.526846484267334
0.7315068493,0.376977744527613,0.687557346845923,0.522651701310398
0.7369863014,0.384197120169351,0.702559425164607,0.531450985741915
0.7424657534,0.390903903791304,0.712975910743696,0.53844557262135
0.7561643836,0.397087375908947,0.714549707865433,0.545353479190239
0.7589041096,0.412231989341803,0.739198165032889,0.561060864905515
0.7616438356,0.413072244862618,0.74746882907172,0.568326384560727
0.7643835616,0.411067848921363,0.746422177055001,0.564368544752838
0.7671232877,0.42408205032125,0.74915844942307,0.568691475017963
0.7698630137,0.420686278842769,0.73536221355448,0.564319470379465
0.7726027397,0.418092538705971,0.738717309637894,0.568276964529435
0.7753424658,0.420117508996859,0.744598213340948,0.571524334509968
0.7780821918,0.431418629228804,0.746464514040631,0.579482097328011
0.7808219178,0.439911323818318,0.760004390842647,0.58650806154342
0.7835616438,0.436894733688687,0.751240308073089,0.578304179319574
0.7945205479,0.432489447255302,0.744843910748791,0.574512647564072
0.797260274,0.436345116092497,0.760806900402681,0.582638591399454
0.802739726,0.431997983179793,0.748749715469192,0.574725356959852
0.8054794521,0.426995544453826,0.743510006052898,0.570855104215552
0.8082191781,0.423843429083341,0.743510006052898,0.56734238392915
0.8164383562,0.420887028428482,0.735500045214975,0.564273941361722
0.8191780822,0.420075702308337,0.728709931259887,0.560927680714342
0.8219178082,0.427852391868567,0.741737334203552,0.567912971969147
0.8246575342,0.435362302346234,0.746617807847626,0.575089905782479
0.8273972603,0.436200519737662,0.749740768855587,0.577432546262039
0.8301369863,0.442809171067296,0.757286044881515,0.590594562679362
0.8356164384,0.440272232589159,0.747781431001858,0.586695690444255
0.8383561644,0.435059832697921,0.746294664082477,0.582911684282497
0.8410958904,0.433915211906279,0.740294637125826,0.579124528246415
0.8438356164,0.431220045631358,0.737262353244383,0.57563492347044
0.8465753425,0.435448839496632,0.741793012872387,0.581929898141278
0.8493150685,0.439833786108346,0.74695469141071,0.589045247166937
0.8547945205,0.441817182039603,0.753334797884587,0.595369418057741
0.8630136986,0.439704622318839,0.75021446758339,0.591886067507498
0.8767123288,0.449349866617723,0.766707387677337,0.602628502914047
0.8794520548,0.442668490080386,0.75528016817708,0.595808933462005
0.8821917808,0.439052228994935,0.748387729859791,0.588823725132582
0.8849315068,0.447032780069284,0.75104704562004,0.590912769993044
0.8904109589,0.440722703220159,0.744782667124677,0.582861982757526
0.8931506849,0.43937968617771,0.742585181920358,0.579673062087169
0.895890411,0.436959527818383,0.725519310290497,0.573018477868603
0.901369863,0.437881250722205,0.729909103955031,0.575711646798722
0.904109589,0.437881250722205,0.729909103955031,0.575711646798722
0.9068493151,0.428982573147771,0.717289946497751,0.56516760151127
0.9095890411,0.424813770237148,0.714336979815359,0.561428178251341
0.9178082192,0.421682635230676,0.712253786270544,0.558092600981428
0.9232876712,0.417451019445697,0.70982623523414,0.554932490572665
0.9287671233,0.425738417820956,0.720583075696623,0.561553829246658
0.9369863014,0.422596548220812,0.718078990736984,0.557997445845245
0.9397260274,0.422596548220812,0.718078990736984,0.557997445845245
0.9424657534,0.425307300725543,0.721191106650601,0.563270916317964
0.9452054795,0.423310949849577,0.711196625654098,0.559688018410906
0.9506849315,0.423764139636145,0.712643633957363,0.559422997031117
0.9534246575,0.430620331986586,0.717260880901145,0.565919908292318
0.9589041096,0.43212240999386,0.725558806801075,0.571601550551241
0.9671232877,0.429958238816884,0.715986400687072,0.56514163516232
0.9726027397,0.425571556990144,0.709669591991116,0.558503700327523
0.9753424658,0.424688274984372,0.700557960250618,0.558503358095607
0.9808219178,0.424688274984372,0.700557960250618,0.558503358095607
0.9835616438,0.423532403857974,0.698304146372488,0.55637467971687
0.9890410959,0.427253850327159,0.702949488721478,0.559560327271602
0.9917808219,0.427253850327159,0.702949488721478,0.559560327271602
0.9945205479,0.433915250204117,0.702990765470483,0.563608462196858
1,0.430483185575326,0.699979488414495,0.560970427316148
1.002739726,0.434285621596801,0.707616778895735,0.566622831925791
1.0082191781,0.434285621596801,0.707616778895735,0.566622831925791
1.0136986301,0.434610620843114,0.706475738744403,0.566857128854072
1.0164383562,0.434610620843114,0.706475738744403,0.566857128854072
1.0191780822,0.432795399095912,0.706413527437869,0.564319789348002
1.0246575342,0.430856261416522,0.699436198266879,0.561830718222628
1.0301369863,0.430856261416522,0.699436198266879,0.561830718222628
1.0328767123,0.432372323292006,0.705274345474212,0.564132039332363
1.0438356164,0.429153813654576,0.701264764778741,0.560952215117519
1.0493150685,0.430021382593312,0.703070545221405,0.56039453003803
1.0520547945,0.430021382593312,0.703070545221405,0.56039453003803
1.0547945205,0.42819257419269,0.697576052635704,0.557583544261647
1.0602739726,0.424079654646027,0.694902543354846,0.554764478113619
1.0630136986,0.429877317471138,0.700902008328339,0.56027597720633
1.0657534247,0.427538931636298,0.69692073437127,0.557664028674533
1.0684931507,0.424931782503834,0.69357226681581,0.554983040151317
1.0712328767,0.431408945335159,0.69797383230957,0.558192944481059
1.0739726027,0.427747267481124,0.687383560825369,0.553126889367754
1.0767123288,0.420119247246133,0.670768595970376,0.54251189236928
1.0821917808,0.422946224590981,0.673998156032484,0.547320199649438
1.0849315068,0.421507826100918,0.670413288909892,0.54454265752814
1.0876712329,0.419472539145177,0.666905618313634,0.541595523765223
1.0904109589,0.415745472179959,0.660447182120427,0.536111895735103
1.0931506849,0.42099086745043,0.675683391124001,0.543115613250813
1.095890411,0.425391980462426,0.678703555041671,0.548711851392998
1.101369863,0.423124411746623,0.676317295124435,0.546046972499318
1.1123287671,0.42320522384745,0.676196847516567,0.54831911874638
1.1150684932,0.422496238176694,0.674126629799474,0.546125783353593
1.1205479452,0.420984664095704,0.674126629799474,0.543998256152478
1.1232876712,0.418510263715484,0.670694378371575,0.541460710361529
1.1287671233,0.41321506598946,0.662971039721873,0.532187772872144
1.1369863014,0.417873514711698,0.671289274296426,0.538729796706089
1.1424657534,0.417873514711698,0.671289274296426,0.538729796706089
1.1479452055,0.413565527440677,0.664882472598942,0.533909518516088
1.1506849315,0.413565527440677,0.661497971986324,0.531277871896391
1.1561643836,0.415934765172969,0.667713720582016,0.535960690634031
1.1616438356,0.411751840858902,0.660627188850914,0.529209662211039
1.1643835616,0.409110237898879,0.651687854564989,0.526469669317721
1.1671232877,0.407140642653832,0.651687854564989,0.524480796626424
1.1698630137,0.403613853917899,0.648522436884733,0.522014981073499
1.1753424658,0.401412602684315,0.648522436884733,0.519749407365192
1.1780821918,0.401412602684315,0.648522436884733,0.519749407365192
1.1808219178,0.401412602684315,0.648522436884733,0.519749407365192
1.1835616438,0.404667362131114,0.653688989125617,0.524604689380607
1.1863013699,0.404667362131114,0.653688989125617,0.524604689380607
1.1945205479,0.404667362131114,0.653688989125617,0.524604689380607
1.197260274,0.404667362131114,0.648936223925727,0.522125761722443
1.2,0.400898171789387,0.647216675669354,0.517504939681856
1.202739726,0.400898171789387,0.645348764557136,0.515413978713562
1.2054794521,0.397704777981505,0.640991394500662,0.511531915386819
1.2136986301,0.392798973087151,0.631125404310688,0.507200775740462
1.2356164384,0.391822872438264,0.627083076689839,0.505133972550123
1.2383561644,0.391822872438264,0.624437313715216,0.50315870641363
1.2438356164,0.391822872438264,0.617678456976774,0.499182777831844
1.2465753425,0.389736722718515,0.616605976231397,0.497212278455439
1.2520547945,0.385671785745299,0.613855185063139,0.494751797147693
1.2575342466,0.384934779612536,0.609670217012082,0.492618457937776
1.2602739726,0.383805735539538,0.608448408381392,0.490888955143813
1.2657534247,0.38468015368042,0.615782103589367,0.495905871277349
1.2712328767,0.382161554052854,0.611472009816611,0.493873324830805
1.2739726027,0.386360930379474,0.61281440696541,0.495491714775358
1.2767123288,0.386360930379474,0.61281440696541,0.495491714775358
1.2904109589,0.383615789340216,0.607932049316421,0.491476128175292
1.295890411,0.381671000689052,0.607932049316421,0.489842989382322
1.301369863,0.383835731824005,0.614407379501103,0.494549542172565
1.304109589,0.382424244849838,0.607792625813607,0.492650736224471
1.3123287671,0.380280883771652,0.605090757010177,0.490529063544367
1.3150684932,0.38754410811722,0.612618461728548,0.494716640145105
1.3178082192,0.385947291110279,0.608768104858573,0.492794911428517
1.3205479452,0.387807019748806,0.612810803173095,0.493287190181574
1.3232876712,0.38824633044476,0.61622040312555,0.497108722189832
1.3315068493,0.393626047211667,0.616892403866261,0.500867620373111
1.3342465753,0.397409444934452,0.624132254205787,0.504720334346219
1.3369863014,0.394938159738695,0.618162659902158,0.501089962234725
1.3397260274,0.397019585789942,0.621254217957397,0.505365479083416
1.3452054795,0.400094675855094,0.625587468659484,0.510050495385309
1.3534246575,0.400094675855094,0.625587468659484,0.510050495385309
1.3561643836,0.3967578531177,0.624940947049226,0.508115188466089
1.3643835616,0.3967578531177,0.621586672179983,0.506355152529826
1.3671232877,0.396078991129087,0.619238336473368,0.504523394715209
1.3698630137,0.393333353165648,0.61472835699812,0.500538258236866
1.3726027397,0.390899207441975,0.610740964068971,0.498888394836934
1.3808219178,0.397384588246372,0.623050401085388,0.505755825392097
1.3835616438,0.397384588246372,0.623050401085388,0.505755825392097
1.3917808219,0.396836849596033,0.623412840352194,0.50562284890187
1.3945205479,0.395706837157428,0.621073173141319,0.503878257990739
1.397260274,0.397623372993995,0.614482108427918,0.50319455483886
1.4,0.397541625597983,0.613238067700902,0.501178533960754
1.402739726,0.400724626380282,0.620108397384357,0.504503970910052
1.4054794521,0.407536813617765,0.622245328880023,0.508342890959863
1.4082191781,0.408688732037449,0.627216105120572,0.514032565740412
1.4109589041,0.408521573518433,0.626654586996708,0.512184219103304
1.4136986301,0.414468863355355,0.629569869348854,0.516180994022964
1.4219178082,0.415835678558872,0.635047168910379,0.519644566352366
1.4356164384,0.415835678558872,0.635047168910379,0.519644566352366
1.4383561644,0.414918539299236,0.631659544618981,0.518132265073788
1.4410958904,0.413691743114002,0.635088024584755,0.518629493071956
1.4438356164,0.41302940667296,0.633535774318187,0.516332531535686
1.4493150685,0.411047403054934,0.631015073313373,0.514547422491005
1.4520547945,0.409617339453077,0.626901860198344,0.512629539303766
1.4602739726,0.407725652030479,0.62321545018841,0.510652414610489
1.4630136986,0.409682601381799,0.624870920219265,0.512869113665988
1.4684931507,0.405434916907603,0.619563421790393,0.509113003511017
1.4767123288,0.409801836959049,0.62304011646714,0.512684878721035
1.4794520548,0.407081223302541,0.61949276834873,0.510803007210819
1.4849315068,0.407081223302541,0.61949276834873,0.510803007210819
1.4876712329,0.405547108575968,0.6194565118473,0.508824573925414
1.4904109589,0.402923488035328,0.613138286536096,0.504967608129286
1.4931506849,0.4018624045064,0.612224903507852,0.503494801907492
1.498630137,0.400289307050477,0.611604999513182,0.501900099225012
1.501369863,0.400289307050477,0.611604999513182,0.501900099225012
1.5068493151,0.400289307050477,0.609400244023327,0.500164133796986
1.5123287671,0.39857327340151,0.607550965253966,0.496966025268146
1.5150684932,0.399354433938632,0.610963120634162,0.500154677266297
1.5178082192,0.400823600971333,0.615464054331731,0.504177572839575
1.5260273973,0.399015302547605,0.611761858658687,0.502294003883018
1.5287671233,0.402857763363556,0.615932307346544,0.50754647913571
1.5342465753,0.405920627561439,0.621248258275809,0.511275562179021
1.5369863014,0.403160154740417,0.616955330271044,0.508318193395901
1.5397260274,0.399216254055718,0.61154914048494,0.504558691329934
1.5424657534,0.396566445585544,0.608197028817018,0.503164729014789
1.5452054795,0.396566445585544,0.608197028817018,0.503164729014789
1.5589041096,0.395410570588818,0.604763241553804,0.49995340189727
1.5616438356,0.392856219497689,0.602456355780165,0.496665970106647
1.5643835616,0.391323769352879,0.597342266416571,0.493454202046096
1.5671232877,0.390144452179447,0.595353968506312,0.49190254811716
1.5698630137,0.388445458992396,0.5926836002826,0.489136717467239
1.5726027397,0.387051361570849,0.586592857546394,0.487130640945745
1.5753424658,0.386389932784094,0.586386176475015,0.485431174699618
1.5808219178,0.384729017086072,0.585006030071448,0.483832455681647
1.5835616438,0.38883318171145,0.585855827883338,0.48679954542433
1.5890410959,0.387986587320012,0.585068684547028,0.485679123012975
1.5917808219,0.387986587320012,0.585068684547028,0.485679123012975
1.597260274,0.393475224151153,0.593229585939148,0.489328370429176
1.6,0.393475224151153,0.593229585939148,0.489328370429176
1.602739726,0.392255856346761,0.587042364433228,0.485911085861372
1.6082191781,0.394430710813508,0.588945827833267,0.48793600155818
1.6164383562,0.393199205534342,0.585720249848073,0.486198752664989
1.6246575342,0.393199205534342,0.585720249848073,0.486198752664989
1.6301369863,0.394575470973725,0.589110168397949,0.488963024877707
1.6328767123,0.397811480586072,0.591878107824524,0.491986906811274
1.6356164384,0.398602663731694,0.595350907734111,0.495285727129098
1.6383561644,0.396261908794214,0.593342653639642,0.493775983844338
1.6410958904,0.397325947898003,0.592524224273085,0.4938908162325
1.6465753425,0.394901210557976,0.588592643224803,0.491217955773055
1.6493150685,0.400438880361451,0.595512010591946,0.495120435411293
1.6520547945,0.400438880361451,0.595512010591946,0.495120435411293
1.6602739726,0.404355106605005,0.597786140095165,0.498323150774504
1.6630136986,0.408312916968852,0.607795303490786,0.504611782013974
1.6684931507,0.408312916968852,0.610074505657109,0.507116298957156
1.6739726027,0.408312916968852,0.610074505657109,0.507116298957156
1.6767123288,0.410649121624787,0.610894952588613,0.510622926042195
1.6794520548,0.410092815073765,0.609884178626003,0.509116716481272
1.6821917808,0.409507157287866,0.608267101120019,0.510933562988561
1.6849315068,0.407325532929323,0.605339232850832,0.508034821558868
1.6904109589,0.405881315197523,0.604007296846582,0.505157069344172
1.695890411,0.405881315197523,0.601387697406726,0.503535898906967
1.701369863,0.404093022507269,0.599064372668411,0.501984036859548
1.704109589,0.412209461113645,0.60396493784939,0.507510245045032
1.7068493151,0.408886623760259,0.601984099686026,0.505971559117235
1.7123287671,0.408392806676143,0.599507605766868,0.504740904763684
1.7150684932,0.408392806676143,0.599507605766868,0.504740904763684
1.7178082192,0.408392806676143,0.599507605766868,0.504740904763684
1.7287671233,0.409567040362134,0.603255357739432,0.507491019557364
1.7342465753,0.40819997918015,0.60205384871449,0.506143378751439
1.7369863014,0.408415483209086,0.604963417473014,0.509344002559426
1.7452054795,0.407653089310156,0.604690424583753,0.507482170700435
1.7479452055,0.406568464772233,0.603807916472062,0.506063786923041
1.7506849315,0.403953258778031,0.596403320949374,0.501330828691273
1.7534246575,0.403047480275829,0.595501661514235,0.500141279117976
1.7589041096,0.407568555804035,0.599355484485023,0.503432032328797
1.7643835616,0.407568555804035,0.599355484485023,0.503432032328797
1.7671232877,0.410392555626571,0.601868534851508,0.505412957206127
1.7698630137,0.409824975500952,0.600826781546996,0.503960562626326
1.7726027397,0.41166660076893,0.603226941839924,0.506781051661839
1.7890410959,0.414756785432476,0.607752539647723,0.509997335062619
1.797260274,0.417282439091814,0.610814542312721,0.510260173486899
1.8,0.417282439091814,0.610814542312721,0.510260173486899
1.802739726,0.42052983120853,0.609067299323131,0.511504884043179
1.8109589041,0.418234257581083,0.609067299323131,0.50986687626805
1.8136986301,0.416872538976268,0.606655054541392,0.508095631418974
1.8164383562,0.417657516146346,0.609371030248331,0.509731681306031
1.8191780822,0.412805858368978,0.604536315370836,0.506867963946792
1.8273972603,0.412310176924995,0.600219119126988,0.50560580803968
1.8301369863,0.411156446147184,0.598176218854709,0.504017906919602
1.8328767123,0.414307194558667,0.601484022144573,0.506751862340219
1.8383561644,0.414307194558667,0.601484022144573,0.506751862340219
1.8410958904,0.412406251676256,0.5980606502904,0.50432414620208
1.8465753425,0.4183315485125,0.601938687472623,0.50720723191538
1.8493150685,0.421160005124134,0.604200872292749,0.510273748914866
1.8520547945,0.41812949670154,0.601143334398226,0.508645722700034
1.8547945205,0.419743843751257,0.603129055667237,0.511394458982822
1.8602739726,0.422192163761946,0.605677450069307,0.514781266275688
1.8630136986,0.420712701030926,0.604893161208912,0.513478050705772
1.8657534247,0.419572741341097,0.601910832556239,0.511962910908263
1.8712328767,0.416843406043891,0.596916266049846,0.508243287848804
1.8739726027,0.420227964948299,0.600706105139638,0.511509069296343
1.8767123288,0.419558932656161,0.599529074369737,0.509797409576353
1.8794520548,0.418176422995332,0.597893951445382,0.508655107768747
1.8876712329,0.417611215226239,0.596968596975238,0.50712076096625
1.8904109589,0.412744156904628,0.59118859020055,0.502562411178531
1.8931506849,0.417651809285747,0.593464592225821,0.505536579020127
1.895890411,0.414812751494404,0.591485403186571,0.504050326411044
1.898630137,0.418599636743046,0.598376887012081,0.506898226418414
1.904109589,0.418599636743046,0.600417888381988,0.509991175986281
1.9068493151,0.419320996429559,0.602674281167155,0.511921234889903
1.9205479452,0.421641451738774,0.603414502361981,0.511861777752748
1.9287671233,0.425019819205693,0.607169057849021,0.514655681252782
1.9315068493,0.423529678450931,0.604928411408665,0.513280089129686
1.9397260274,0.425341428238575,0.60720325251159,0.514648232659858
1.9424657534,0.424763975499338,0.605234600914168,0.513287084634445
1.9452054795,0.425377485953242,0.609139672455632,0.514580913791692
1.9479452055,0.427076082291407,0.613831538554859,0.520586443793735
1.9506849315,0.427200540236212,0.612186525920843,0.520003744655548
1.9561643836,0.424240800763167,0.609290868583057,0.517019443856065
1.9616438356,0.424240800763167,0.609290868583057,0.517019443856065
1.9643835616,0.422504236350016,0.604264157053091,0.514162079274565
1.9671232877,0.422504236350016,0.603873404075389,0.51324698964954
1.9698630137,0.421608289369401,0.600111806487119,0.511674385229629
1.9753424658,0.420548908980568,0.597512234148804,0.510580444084129
1.9780821918,0.419977335493245,0.595571547709178,0.509327904076218
1.9808219178,0.419984527485591,0.59601962675506,0.509267865553448
1.9917808219,0.420947025560278,0.596546486005911,0.510236245750122
1.997260274,0.42284701772866,0.603100237272287,0.513096780826794
2,0.424908298403663,0.606704127541592,0.51570531998921
2.0054794521,0.422467727488359,0.599999421300221,0.512896460589921
2.0082191781,0.420453000855085,0.599106743799562,0.511546225471852
2.0191780822,0.420453000855085,0.597565786009314,0.510158831118202
2.0219178082,0.420453000855085,0.597565786009314,0.510158831118202
2.0246575342,0.419765750481211,0.594049377521317,0.508759893243417
2.0301369863,0.418308750591958,0.592343453114825,0.507343994167879
2.0328767123,0.417332658331222,0.590939257542928,0.506180930833589
2.0356164384,0.417332658331222,0.590939257542928,0.506180930833589
2.0383561644,0.415846195594594,0.590038085618019,0.504882847080548
2.0438356164,0.415605340526172,0.589782013997057,0.503582626023709
2.0465753425,0.415035093228989,0.591612024550383,0.503913450265246
2.0493150685,0.41475471725266,0.590102584963016,0.502792134056353
2.0547945205,0.417655263946685,0.591492689472063,0.50518341445328
2.0602739726,0.419885267608819,0.592991636788314,0.509463263794151
2.0630136986,0.421779641074912,0.596794921369176,0.510211943500655
2.0712328767,0.423124665191613,0.598693626614325,0.51284391795583
2.0739726027,0.423124665191613,0.598693626614325,0.51284391795583
2.0767123288,0.422713199039353,0.597765537570093,0.51177062730557
2.0876712329,0.420127721658272,0.595048181962264,0.50928103616422
2.098630137,0.420127721658272,0.596978276928967,0.510864893201322
2.104109589,0.41933245700939,0.595396612820384,0.509691216107228
2.1068493151,0.42517826552578,0.598613934359571,0.511980838759051
2.1095890411,0.42517826552578,0.598613934359571,0.511980838759051
2.1150684932,0.422641876290909,0.597756066870615,0.51137971978833
2.1232876712,0.421511566579255,0.596084804365684,0.510024425492429
2.1315068493,0.420578676429071,0.594355006334265,0.508822855433862
2.1342465753,0.420578676429071,0.594355006334265,0.508822855433862
2.1369863014,0.419803852481573,0.592334866396653,0.507637515330618
2.1397260274,0.419201884156912,0.590645517697683,0.506287747439695
2.1424657534,0.418201667054587,0.590645517697683,0.505115411828541
2.1479452055,0.416564162618957,0.587899161177575,0.503842871196552
2.1506849315,0.417691791506685,0.589833981680326,0.506347881987116
2.1534246575,0.417240828355225,0.588334636666462,0.505195761367668
2.1561643836,0.417891645135389,0.586765434018877,0.506182941077694
2.1616438356,0.418297572366507,0.592637465149848,0.508714576175991
2.1698630137,0.417696435385252,0.590932214107836,0.507310176803606
2.1726027397,0.417696435385252,0.590932214107836,0.507310176803606
2.1753424658,0.420732998170128,0.594941549442391,0.510123434068196
2.1780821918,0.422995209304118,0.596277855856084,0.512569344951717
2.1808219178,0.422433199621135,0.595130360823442,0.51161354157707
2.1835616438,0.421386472110291,0.593659973898618,0.509021613474397
2.1863013699,0.418918034241705,0.592010517499092,0.507744548463184
2.1945205479,0.418267744041723,0.58885279731286,0.506531188851653
2.197260274,0.416707434782316,0.588213005734409,0.505383099327752
2.202739726,0.41858740644173,0.588865566065457,0.505594139763535
2.2082191781,0.420437166933889,0.588133023923805,0.50718225269436
2.2136986301,0.41888358379891,0.585638189779942,0.504814468720765
2.2164383562,0.415090375403228,0.581828003997094,0.500327976407289
2.2191780822,0.41468191188123,0.582321589153224,0.501203495859776
2.2219178082,0.418250245865305,0.586374694014807,0.503312993506435
2.2246575342,0.418250245865305,0.586374694014807,0.503312993506435
2.2273972603,0.415969617786543,0.583247706815873,0.500944385438482
2.2301369863,0.415534951265759,0.58255704397161,0.499804490880889
2.2383561644,0.418226836701476,0.583439315007951,0.502492220296444
2.2410958904,0.419661564427539,0.587150150284661,0.504685352185322
2.2438356164,0.418530397736472,0.585638286271571,0.502712814963977
2.2465753425,0.416565187763537,0.583102194364405,0.501491636133631
2.2520547945,0.420344122884941,0.585374400713299,0.503886540159544
2.2602739726,0.422656736488487,0.587011964996079,0.505118386087965
2.2684931507,0.42153703320819,0.586290132067759,0.503958341986873
2.2712328767,0.418040578129764,0.580688792984961,0.500586269896223
2.2739726027,0.418040578129764,0.580688792984961,0.500586269896223
2.2794520548,0.418666785403539,0.581348567832923,0.501826676737345
2.2821917808,0.419780796072226,0.583380169855674,0.504193629590576
2.2876712329,0.419780796072226,0.582556803026991,0.502907796120921
2.295890411,0.420857907003802,0.583976317293583,0.50542671436357
2.298630137,0.419926319407859,0.581730204505242,0.504182972083767
2.3095890411,0.41867953604686,0.580014147256083,0.503094119309041
2.3178082192,0.418168463060222,0.578004119129008,0.501850916540704
2.3287671233,0.417755467876784,0.57673340645761,0.500666177872925
2.3342465753,0.415205524836646,0.574122445060948,0.499441984748631
2.3369863014,0.414937807911702,0.573593996555706,0.498290816893182
2.3397260274,0.413801547129901,0.571811111770586,0.49715646830171
2.3479452055,0.412454938249655,0.571336100336915,0.496056840444047
2.3506849315,0.412454938249655,0.571336100336915,0.496056840444047
2.3534246575,0.413483124748351,0.576359581336914,0.497243305865467
2.3643835616,0.413135119819465,0.575550190505891,0.496251557153146
2.3671232877,0.415462966581127,0.578271945885565,0.498821798538223
2.3726027397,0.416635046988292,0.580396419101848,0.500010814498418
2.3753424658,0.419236059489839,0.582156129817283,0.501481378817879
2.3780821918,0.421868694837242,0.588683099699292,0.505475984358869
2.3808219178,0.424813471245698,0.590865071628883,0.507560250232171
2.3835616438,0.42399513697173,0.587301538876659,0.506569913183087
2.3863013699,0.422504215290601,0.586476263545554,0.505334070753398
2.3917808219,0.422104078000682,0.584742278207046,0.504248506307355
2.4,0.421608883612932,0.584742278207046,0.503121661742143
2.402739726,0.421554201179746,0.585023491569983,0.503961337287547
2.4109589041,0.419609030832399,0.581779728420373,0.501574583931342
2.4191780822,0.419609030832399,0.580453724384507,0.500423508139179
2.4273972603,0.418593593149308,0.578362968898039,0.499225040625705
2.4301369863,0.420461150535553,0.578981186407114,0.500415940633596
2.4328767123,0.420461150535553,0.578981186407114,0.500415940633596
2.4438356164,0.420617908489557,0.5850512815417,0.502423295039306
2.4465753425,0.420617908489557,0.5850512815417,0.502423295039306
2.4493150685,0.419398827127505,0.584447229773194,0.501436521242519
2.4520547945,0.418993452675513,0.581713983531626,0.500419766157751
2.4575342466,0.417278711841686,0.576752643562342,0.498287631044729
2.4712328767,0.417601417868497,0.578935213152307,0.499492824282946
2.4767123288,0.416615664328552,0.576133685631084,0.497065532518598
2.4794520548,0.415955638216102,0.574731805891933,0.496320473554229
2.4876712329,0.41491750178741,0.572380432753038,0.495388286983407
2.495890411,0.413985670020829,0.571069392355064,0.493430265182286
2.498630137,0.413985670020829,0.571069392355064,0.493430265182286
2.501369863,0.416953435584075,0.572255880514442,0.495696499465526
2.504109589,0.415819473143629,0.569362880691329,0.493913711362183
2.5123287671,0.415819473143629,0.569362880691329,0.493913711362183
2.5178082192,0.416200271864541,0.570436791288373,0.495068329382347
2.5205479452,0.418060511834952,0.573183120602635,0.497519516551398
2.5260273973,0.421431921127164,0.575275542173198,0.499510353672366
2.5342465753,0.421431921127164,0.574044578486366,0.498543949548465
2.5424657534,0.420608742448678,0.573172945798367,0.497508122350579
2.5506849315,0.420608742448678,0.572427022355054,0.496521011747351
2.5534246575,0.419502746832822,0.57133002553856,0.495604060249344
2.5561643836,0.419502746832822,0.570149275276676,0.494629186264934
2.5643835616,0.418695824711029,0.57108254235337,0.495684094808279
2.5698630137,0.417802254716919,0.56946668316329,0.49460186010686
2.5780821918,0.418314650664307,0.56910185132795,0.494658074676547
2.5808219178,0.421215464834918,0.571161991492271,0.497306089860266
2.5835616438,0.421215464834918,0.571161991492271,0.497306089860266
2.5890410959,0.423718263096324,0.57363534457582,0.499264555054258
2.5917808219,0.423026989917752,0.572435106915066,0.498294691785855
2.6082191781,0.424571122173002,0.576327126638623,0.500501071343783
2.6109589041,0.425306388139847,0.576890047041089,0.503026536121007
2.6191780822,0.426280853986402,0.579279218357382,0.505112391255835
2.6219178082,0.427274732295245,0.581106750506103,0.507314891484286
2.6273972603,0.426460991591634,0.580019715076553,0.50632688559729
2.6410958904,0.425720899558411,0.579459247118876,0.505419879846586
2.6438356164,0.427447968478923,0.581856718885402,0.507821790121343
2.6520547945,0.425736283958227,0.57983795941391,0.505795681658096
2.6547945205,0.424976121470278,0.578721134479533,0.504861020673943
2.6630136986,0.424737660662094,0.57747752882611,0.50390081401646
2.6657534247,0.421901586211789,0.575027756884731,0.501986606970724
2.6684931507,0.424458680673801,0.575958213437062,0.503117069379875
2.6739726027,0.423212496745621,0.575401327591064,0.50208462342133
2.6821917808,0.422791042952568,0.575111553476816,0.501063460661683
2.6849315068,0.422791042952568,0.575111553476816,0.501063460661683
2.6876712329,0.421561252813694,0.572601965193868,0.500016277810735
2.6931506849,0.423426757192838,0.575612260903962,0.502015543410885
2.698630137,0.423234382784584,0.575612260903962,0.50109228614445
2.701369863,0.423234382784584,0.575612260903962,0.50109228614445
2.704109589,0.42553916531608,0.578486272511545,0.503240313235524
2.7095890411,0.422289501613942,0.577059199943977,0.500381923829525
2.7150684932,0.423906068733577,0.578080646840984,0.502132742533828
2.7205479452,0.423906068733577,0.578080646840984,0.502132742533828
2.7232876712,0.426197727978923,0.580317448326471,0.504216899864411
2.7260273973,0.425212895685061,0.579420045732214,0.503163290946868
2.7369863014,0.427661784610364,0.581660713170591,0.505139249676624
2.7424657534,0.43016162345069,0.584174301776985,0.507126072321877
2.7534246575,0.427045578728994,0.581749692186534,0.504342167290065
2.7616438356,0.430566238393292,0.583562771920639,0.506236384292764
2.7643835616,0.429257831093984,0.580840876262748,0.504101746326759
2.7726027397,0.430731049258432,0.582984573183547,0.506059062533406
2.7753424658,0.433408780547178,0.584086810161692,0.508299357635158
2.7780821918,0.433408780547178,0.583156696404672,0.507147586972338
2.7808219178,0.433408780547178,0.583156696404672,0.507147586972338
2.7917808219,0.43172871387772,0.58247910744725,0.506133680359081
2.7945205479,0.432246639428494,0.584470470746345,0.50821009981653
2.8,0.432246639428494,0.584470470746345,0.50821009981653
2.802739726,0.430707580693314,0.582382653803356,0.507205826877849
2.8109589041,0.430707580693314,0.581896059444165,0.506330079806068
2.8136986301,0.429978650911326,0.581043302290773,0.505390668379963
2.8219178082,0.429978650911326,0.581043302290773,0.505390668379963
2.8246575342,0.429978650911326,0.578816647731169,0.504463348230376
2.8273972603,0.428644655272845,0.576753512582098,0.502731820503187
2.8301369863,0.428644655272845,0.575300378853142,0.501727378899798
2.8328767123,0.43113629859199,0.576115533950877,0.502919581990247
2.8356164384,0.431323998432783,0.576131507366168,0.505107360729201
2.8383561644,0.431323998432783,0.576131507366168,0.505107360729201
2.8410958904,0.433225117697393,0.578497976932568,0.507208051306468
2.8547945205,0.433179370289155,0.578497976932568,0.506191128947805
2.8575342466,0.431575694425229,0.577169600666463,0.505200635549962
2.8630136986,0.433129390458059,0.580488535452223,0.50752133926149
2.8657534247,0.433129390458059,0.580488535452223,0.50752133926149
2.8684931507,0.434449554123002,0.582922485296598,0.508535158053952
2.8712328767,0.43350665631051,0.582197088592518,0.507458144303064
2.8739726027,0.432498430939766,0.580366032982413,0.506504135363743
2.8767123288,0.433835615997677,0.581137703998044,0.507899685411029
2.8794520548,0.433138864903109,0.579517972226218,0.506888011016493
2.8821917808,0.431867359193407,0.5786261946052,0.505879999556128
2.8849315068,0.431867359193407,0.5786261946052,0.505879999556128
2.8876712329,0.433603113564319,0.578918647858874,0.507014717019273
2.8931506849,0.433398175612298,0.578444463583977,0.506178493287922
2.895890411,0.432742676282827,0.576953046530648,0.505269717096778
2.898630137,0.432742676282827,0.576953046530648,0.505269717096778
2.901369863,0.434579386196214,0.578214783536397,0.507011322608926
2.904109589,0.43786434423759,0.579746838628742,0.509086196104612
2.9068493151,0.436467051314955,0.578692079910439,0.50818914775782
2.9178082192,0.434709407990963,0.578074724888578,0.507295255184262
2.9232876712,0.433314262849629,0.577318298858693,0.506434537467842
2.9287671233,0.432076232075828,0.576294738916221,0.504600250923202
2.9315068493,0.43202618628424,0.574772383326421,0.503790359622085
2.9342465753,0.432841022220517,0.575438621182373,0.505126258792949
2.9424657534,0.433699926894795,0.575495841456118,0.505272193370387
2.9479452055,0.433259221562797,0.574221533576441,0.50435129173912
2.9534246575,0.431608596350884,0.573073898990045,0.503407764751935
2.9561643836,0.433418593563871,0.578789782033715,0.507146626907379
2.9589041096,0.433030778741572,0.577719036908787,0.506227065663008
2.9643835616,0.432072102677356,0.576490910104299,0.505324518825182
2.9698630137,0.433598649327558,0.577629583426433,0.506209006538217
2.9726027397,0.435641369031559,0.578277678902491,0.506814945751722
2.9808219178,0.436237196412904,0.578436123410087,0.507867153780834
2.9863013699,0.43757006228937,0.580648823204298,0.508638428659253
2.9890410959,0.43655911107931,0.580003839873492,0.507792766146499
2.9945205479,0.437343513242642,0.582643385786048,0.509617356792168
3,0.437343513242642,0.582643385786048,0.509617356792168
3.0054794521,0.436590850176487,0.582643385786048,0.508739362058237
3.0082191781,0.436285811351751,0.582643385786048,0.508035735031387
3.0136986301,0.435786462542816,0.581827685812819,0.507071345223022
3.0191780822,0.433367939021666,0.579093952182914,0.505034927352494
3.0246575342,0.432980090227543,0.578976173564363,0.504077240048399
3.0383561644,0.43232040100143,0.578552434081351,0.503279973885659
3.0410958904,0.431887437825559,0.578027020587882,0.502370175939648
3.0438356164,0.431887437825559,0.578027020587882,0.502370175939648
3.0520547945,0.431887437825559,0.578027020587882,0.502370175939648
3.0547945205,0.430502908725479,0.575978913142307,0.501260157924525
3.0575342466,0.429205458554421,0.575978913142307,0.500228361956835
3.0602739726,0.428776905804251,0.572840700759687,0.499327372987315
3.0712328767,0.42843382962793,0.571936948298903,0.498422328495677
3.0767123288,0.42843382962793,0.571936948298903,0.498422328495677
3.0794520548,0.42843382962793,0.571756429361882,0.497512499034061
3.0821917808,0.430521468866693,0.573706333061627,0.499335210238516
3.0876712329,0.430641764667372,0.574627343322062,0.500558083039953
3.0904109589,0.43356263372672,0.575283392909921,0.502740117019282
3.095890411,0.433823294369722,0.577776041911568,0.504726936692619
3.098630137,0.435311438360604,0.578300910031014,0.505365416979884
3.104109589,0.436949943363444,0.579587888040167,0.506238342627349
3.1095890411,0.436145165314967,0.578139809303489,0.505353494034241
3.1123287671,0.436145165314967,0.578139809303489,0.505353494034241
3.1178082192,0.436145165314967,0.578139809303489,0.505353494034241
3.1205479452,0.436145165314967,0.578139809303489,0.505353494034241
3.1232876712,0.434479282547462,0.57715711468095,0.504510488557983
3.1287671233,0.434479282547462,0.57715711468095,0.504510488557983
3.1315068493,0.433276485482999,0.576025382285763,0.503517878123303
3.1342465753,0.434207902292491,0.579735043755425,0.505402120422965
3.1369863014,0.433794375455294,0.579735043755425,0.504697327744768
3.1397260274,0.433794375455294,0.579735043755425,0.504697327744768
3.1424657534,0.433794375455294,0.579735043755425,0.504697327744768
3.1452054795,0.433794375455294,0.579735043755425,0.504697327744768
3.1479452055,0.433794375455294,0.579735043755425,0.504697327744768
3.1534246575,0.433794375455294,0.579735043755425,0.504697327744768
3.1589041096,0.438980551602939,0.581707599726632,0.508575120679499
3.1616438356,0.440987522248575,0.583049163590643,0.510669729719346
3.1671232877,0.439474662215082,0.582024827202916,0.5098286761342
3.1698630137,0.439474662215082,0.582024827202916,0.5098286761342
3.1780821918,0.440490955689869,0.582625076551476,0.510918458466711
3.1808219178,0.442230933060848,0.583557595281325,0.512609715155684
3.1917808219,0.440792528809715,0.583040203835885,0.511682165810957
3.1945205479,0.440792528809715,0.583040203835885,0.511682165810957
3.2082191781,0.440503277425161,0.582658949992169,0.510982579802243
3.2136986301,0.440503277425161,0.582658949992169,0.510982579802243
3.2164383562,0.440503277425161,0.581856785701432,0.510236393046958
3.2219178082,0.439821608873275,0.58175766559489,0.509304353048857
3.2301369863,0.442115938239214,0.584793271914646,0.511250854742604
3.2383561644,0.442115938239214,0.584793271914646,0.511250854742604
3.2410958904,0.442115938239214,0.584793271914646,0.511250854742604
3.2438356164,0.442115938239214,0.584793271914646,0.511250854742604
3.2465753425,0.442115938239214,0.584793271914646,0.511250854742604
3.2575342466,0.441674425719282,0.583325570199707,0.510446440325921
3.2602739726,0.441674425719282,0.583325570199707,0.510446440325921
3.2684931507,0.445289115461798,0.585184612893368,0.514002569303511
3.2712328767,0.444855465038876,0.58397404098648,0.5129941495121
3.2739726027,0.447227124599971,0.585143992866771,0.514938600161097
3.2821917808,0.447227124599971,0.585143992866771,0.514938600161097
3.2876712329,0.447227124599971,0.585143992866771,0.514938600161097
3.2904109589,0.448397205268787,0.586617490429072,0.516836645931465
3.2931506849,0.44789178345373,0.586617490429072,0.51621252743079
3.298630137,0.446709558009597,0.585927719250255,0.515190665629557
3.304109589,0.44757608533413,0.588206577985786,0.517065484560748
3.3068493151,0.446977398267089,0.58740614411391,0.516326752604703
3.3178082192,0.448989314527952,0.590458872715801,0.518492953635689
3.3205479452,0.451838537665344,0.591476891464587,0.520548511036511
3.3287671233,0.451714732366135,0.5902519272958,0.519679008020022
3.3315068493,0.451714732366135,0.5902519272958,0.519679008020022
3.3342465753,0.45140920151585,0.589312099631984,0.518938838020487
3.3397260274,0.452173681963164,0.591603650457772,0.520940795130667
3.3452054795,0.451891971093177,0.594410430592099,0.521707810976904
3.3506849315,0.45154345732155,0.592380476989971,0.520816264353665
3.3589041096,0.45154345732155,0.594670416119935,0.522716707447391
3.3616438356,0.450075965005114,0.593386014929547,0.521806554868032
3.3643835616,0.455041798381902,0.596237281306063,0.525667928717145
3.3671232877,0.457512323555015,0.598374403957715,0.527369988585598
3.3698630137,0.457512323555015,0.598374403957715,0.527369988585598
3.3753424658,0.457117898681986,0.597828364887564,0.526408399069879
3.3835616438,0.457117898681986,0.597828364887564,0.526408399069879
3.3863013699,0.458807392236527,0.601883024596184,0.528495854492173
3.3890410959,0.457609777031434,0.601883024596184,0.527571573973392
3.3917808219,0.457609777031434,0.601883024596184,0.527571573973392
3.397260274,0.458601028450275,0.603309013294931,0.529732404741093
3.402739726,0.456183758543167,0.600840609695025,0.52874328138698
3.4109589041,0.455443583453454,0.599736246573692,0.527819514274837
3.4164383562,0.454366610706748,0.598398749565043,0.526831228130437
3.4219178082,0.454366610706748,0.598398749565043,0.526831228130437
3.4246575342,0.454366610706748,0.598398749565043,0.526831228130437
3.4273972603,0.453852874423401,0.597431863969766,0.525883881795051
3.4301369863,0.452757079298315,0.597420601645492,0.524827031625369
3.4328767123,0.452126428510638,0.597420601645492,0.523863528408083
3.4356164384,0.452126428510638,0.596283428283631,0.522846186763932
3.4438356164,0.455065278423683,0.598871222608834,0.524680188955597
3.4493150685,0.456149693295022,0.600976514334704,0.526725599010221
3.4520547945,0.456683151033134,0.602603728166296,0.528396430225374
3.4575342466,0.456683151033134,0.602603728166296,0.528396430225374
3.4630136986,0.458325375858375,0.604375677166111,0.530529171430223
3.4657534247,0.457752412394402,0.603740864624891,0.529633273682603
3.4712328767,0.460530444332666,0.605576868055628,0.53159147563947
3.4739726027,0.461972850472403,0.607521093793083,0.533482114205143
3.4767123288,0.461601033331063,0.606753117696299,0.532534931955992
3.4794520548,0.459519488414598,0.6055484938052,0.530661653168405
3.4849315068,0.458854549499452,0.604494242374072,0.529700275237343
3.4904109589,0.458466209290036,0.604632521721039,0.530473655316787
3.4931506849,0.458466209290036,0.604632521721039,0.530473655316787
3.498630137,0.461012490178357,0.605715933155048,0.532466403123534
3.501369863,0.460663852279733,0.604542608428102,0.531457063182843
3.5123287671,0.459125733384208,0.602345482264059,0.530529526606086
3.5150684932,0.461475901457437,0.605539199706112,0.532250788494392
3.5205479452,0.461475901457437,0.605539199706112,0.532250788494392
3.5287671233,0.461084912155762,0.604457194285086,0.531339927047582
3.5342465753,0.460195370886954,0.603372770476417,0.530448818927475
3.5369863014,0.459094058063635,0.602057799471733,0.529327298942587
3.5397260274,0.457617794782264,0.598856852739043,0.527509519877608
3.5424657534,0.457617794782264,0.598856852739043,0.527509519877608
3.5479452055,0.456241754863925,0.596713585363034,0.526037748074102
3.5506849315,0.456241754863925,0.596713585363034,0.526037748074102
3.5534246575,0.457283423133683,0.59711447267352,0.526860317389792
3.5671232877,0.457283423133683,0.59711447267352,0.526860317389792
3.5726027397,0.456602223915762,0.595589740100821,0.526027058906243
3.5753424658,0.456602223915762,0.595589740100821,0.526027058906243
3.5808219178,0.456602223915762,0.595589740100821,0.526027058906243
3.5890410959,0.455121688601573,0.595120592470757,0.525176272580126
3.5917808219,0.455121688601573,0.595120592470757,0.525176272580126
3.5945205479,0.454337253805664,0.594628312136489,0.524258990472154
3.597260274,0.454337253805664,0.594628312136489,0.524258990472154
3.6219178082,0.453058528713967,0.59279506834606,0.522496867164548
3.6246575342,0.453058528713967,0.59279506834606,0.522496867164548
3.6273972603,0.454107976219614,0.595304118595161,0.522937430238359
3.6301369863,0.455112084978606,0.596257808887899,0.524804813746997
3.6328767123,0.456414523118526,0.597946776996729,0.526567548202776
3.6465753425,0.456414523118526,0.597946776996729,0.526567548202776
3.6520547945,0.455501560409046,0.596405869621033,0.525695910502215
3.6547945205,0.455501560409046,0.596405869621033,0.525695910502215
3.6575342466,0.454708838635976,0.595529970672897,0.524826981139224
3.6602739726,0.454708838635976,0.595529970672897,0.524826981139224
3.6630136986,0.456388080262274,0.597726917420195,0.526953574073892
3.6657534247,0.456388080262274,0.597726917420195,0.526953574073892
3.6684931507,0.455302796745377,0.595798983465889,0.526098143381499
3.6712328767,0.455302796745377,0.595798983465889,0.526098143381499
3.6739726027,0.455302796745377,0.595798983465889,0.526098143381499
3.6767123288,0.454280326012449,0.594967363777549,0.525239126692245
3.6821917808,0.452653860419136,0.593337265375333,0.523473775041019
3.6931506849,0.45084832972007,0.591910004495221,0.521734517551006
3.695890411,0.450608685689061,0.591910004495221,0.521091097405635
3.704109589,0.450608685689061,0.591910004495221,0.521091097405635
3.7068493151,0.449993972653787,0.590915345634378,0.520366645754698
3.7150684932,0.449649909593537,0.590689687181695,0.519465200544696
3.7178082192,0.448180085026388,0.588874549089019,0.518595326001473
3.7205479452,0.446673386403828,0.587084831186616,0.5168321978301
3.7260273973,0.446401077547969,0.586255194272323,0.516118717278478
3.7287671233,0.446401077547969,0.586255194272323,0.516118717278478
3.7342465753,0.446401077547969,0.584717294864529,0.515405573144544
3.7369863014,0.446401077547969,0.584717294864529,0.515405573144544
3.7424657534,0.445898246855306,0.583763281364019,0.514665275546377
3.7452054795,0.445898246855306,0.583763281364019,0.514665275546377
3.7479452055,0.444927820401218,0.58259339360955,0.512821008536921
3.7506849315,0.444160346749708,0.581958178928297,0.511895604993973
3.7561643836,0.444160346749708,0.581958178928297,0.511895604993973
3.7616438356,0.446370739692819,0.582640292265075,0.513593183245395
3.7671232877,0.445343903622605,0.581266743731748,0.512723006593675
3.7726027397,0.444551695369069,0.58067789287779,0.511800536087761
3.7753424658,0.443873825510759,0.57991325540034,0.510942955812292
3.7780821918,0.443873825510759,0.57991325540034,0.510942955812292
3.7835616438,0.443873825510759,0.57991325540034,0.510942955812292
3.7890410959,0.444808053064823,0.580646573237356,0.512840054715571
3.7917808219,0.444808053064823,0.580646573237356,0.512840054715571
3.7945205479,0.444808053064823,0.580646573237356,0.512840054715571
3.797260274,0.444108129814302,0.580166030477683,0.511973688077895
3.802739726,0.444108129814302,0.580166030477683,0.511973688077895
3.8136986301,0.444108129814302,0.580166030477683,0.511973688077895
3.8164383562,0.443120778311362,0.579223280905056,0.511079996009463
3.8191780822,0.443120778311362,0.579223280905056,0.511079996009463
3.8246575342,0.443732525412409,0.582023212365284,0.512049902576536
3.8273972603,0.442244767011398,0.580873723490809,0.511153291862484
3.8301369863,0.441731141670226,0.579467421523632,0.510493138394233
3.8328767123,0.441731141670226,0.579467421523632,0.510493138394233
3.8465753425,0.441731141670226,0.579467421523632,0.510493138394233
3.8493150685,0.441731141670226,0.577760495083937,0.509496335732028
3.8547945205,0.441731141670226,0.577760495083937,0.509496335732028
3.8575342466,0.441731141670226,0.577760495083937,0.509496335732028
3.8602739726,0.44377257158569,0.579989776209042,0.511620409662572
3.8657534247,0.443418591858108,0.579480309142556,0.510702704099542
3.8739726027,0.44233941973606,0.578916509932325,0.509864265987044
3.8821917808,0.441642546200059,0.578217237480019,0.509119279776638
3.8849315068,0.441642546200059,0.578217237480019,0.509119279776638
3.8904109589,0.441642546200059,0.578217237480019,0.509119279776638
3.8931506849,0.440540965811184,0.575562919032647,0.508244851854958
3.904109589,0.442781715307346,0.57663728442866,0.50975829359906
3.9123287671,0.442781715307346,0.57663728442866,0.50975829359906
3.9150684932,0.442041865570014,0.57663728442866,0.508850775655262
3.9232876712,0.44366510797288,0.576722350868606,0.510205987288734
3.9342465753,0.442388714888769,0.576722350868606,0.509398002025771
3.9369863014,0.442097677093409,0.57765774225419,0.510386861934531
3.9424657534,0.442097677093409,0.57765774225419,0.510386861934531
3.9506849315,0.441788329459498,0.576982588504239,0.509599381010325
3.9534246575,0.441397680434647,0.57574278500556,0.508760631720024
3.9561643836,0.440301275107851,0.574232847783805,0.507848821701904
3.9616438356,0.439663740569445,0.57364733616388,0.50712843420764
3.9643835616,0.439663740569445,0.57364733616388,0.50712843420764
3.9671232877,0.439663740569445,0.57364733616388,0.50712843420764
3.9698630137,0.439663740569445,0.57364733616388,0.50712843420764
3.9753424658,0.439037148999814,0.572865302582797,0.506331927898313
3.9808219178,0.441606810803973,0.575064543535361,0.508123440082972
3.9835616438,0.441606810803973,0.575064543535361,0.508123440082972
3.9863013699,0.440717404244097,0.574064024254518,0.507287733227417
3.9917808219,0.441467737671629,0.577484335130291,0.509070927497035
3.9945205479,0.441119809709604,0.577018203057768,0.50821460505581
4,0.441119809709604,0.577018203057768,0.50821460505581
4.002739726,0.440346761949197,0.575651806541146,0.507476512844235
4.0109589041,0.440008568324641,0.574548153433161,0.506632397775733
4.0136986301,0.439358303938276,0.573646012597201,0.505893538135056
4.0164383562,0.441804476788836,0.574372248034656,0.507684753637643
4.0219178082,0.441200327710391,0.573297539174244,0.506912971792544
4.0301369863,0.440580547669728,0.573297539174244,0.506143532909625
4.0328767123,0.439829138846683,0.572947725552131,0.505454669734475
4.0356164384,0.439257199498783,0.573416964205982,0.506486178598262
4.0383561644,0.438892916591337,0.572465926374602,0.505624171098565
4.0410958904,0.437545513172803,0.57187297260927,0.5047783501138
4.0465753425,0.437227237255824,0.571122002599745,0.504023525275245
4.0575342466,0.437227237255824,0.571122002599745,0.504023525275245
4.0602739726,0.43916541221558,0.572816413169805,0.505864539312142
4.0630136986,0.438500669148907,0.572253864598834,0.505033040758516
4.0657534247,0.443117416787213,0.576390851787403,0.508508902554005
4.0684931507,0.443117416787213,0.576390851787403,0.508508902554005
4.0712328767,0.442773032583725,0.575074395064007,0.507770317281561
4.0739726027,0.442160712428335,0.574705331973727,0.507135526813006
4.0767123288,0.440775109835775,0.573019811198837,0.505552882754355
4.0794520548,0.440142190646832,0.575125122898942,0.506456096559523
4.0849315068,0.440142190646832,0.575125122898942,0.506456096559523
4.0904109589,0.438756100209419,0.574689172416393,0.505701179522056
4.098630137,0.438274521950303,0.574109985792618,0.504861042035751
4.104109589,0.438274521950303,0.574109985792618,0.504861042035751
4.1068493151,0.440118740038264,0.575778006394343,0.505644205156588
4.1123287671,0.438942119608948,0.574289523217995,0.504028721341618
4.1178082192,0.440028396983583,0.575934910836457,0.505862354269797
4.1205479452,0.439546406234387,0.575577243880998,0.50528698815826
4.1232876712,0.439546406234387,0.575577243880998,0.50528698815826
4.1260273973,0.439546406234387,0.575577243880998,0.50528698815826
4.1287671233,0.441891194571768,0.577578092227154,0.507254340893388
4.1315068493,0.440748832898057,0.577578092227154,0.506605693302433
4.1397260274,0.44341700226553,0.578787669563915,0.508376421617568
4.1506849315,0.443006493719507,0.578613730297848,0.50750261123314
4.1534246575,0.442378165795958,0.576894452396239,0.50674888255118
4.1561643836,0.442378165795958,0.576894452396239,0.50674888255118
4.1589041096,0.441627975987869,0.575988064717646,0.506047578267211
4.1616438356,0.441627975987869,0.575988064717646,0.506047578267211
4.1726027397,0.441627975987869,0.575988064717646,0.506047578267211
4.1753424658,0.441627975987869,0.575988064717646,0.506047578267211
4.1808219178,0.441627975987869,0.575988064717646,0.506047578267211
4.1863013699,0.440169994240299,0.573587782582499,0.504392746501037
4.1917808219,0.439345138549484,0.571868614553725,0.503659297652905
4.1945205479,0.439345138549484,0.571868614553725,0.503659297652905
4.197260274,0.439345138549484,0.571868614553725,0.503659297652905
4.2,0.441625734992819,0.572052285326104,0.505217500329856
4.2082191781,0.441625734992819,0.572052285326104,0.505217500329856
4.2109589041,0.441625734992819,0.572052285326104,0.505217500329856
4.2136986301,0.441625734992819,0.572052285326104,0.505217500329856
4.2164383562,0.442797376526973,0.573628706585921,0.506844822519807
4.2273972603,0.442797376526973,0.573628706585921,0.506844822519807
4.2328767123,0.442531708927563,0.572862273339858,0.506182185912619
4.2356164384,0.442186480683794,0.570828710391491,0.505306985348944
4.2383561644,0.440615332939698,0.570208186752463,0.504452104740218
4.2575342466,0.442066276576745,0.572000526050372,0.506142376737651
4.2602739726,0.443534750509003,0.573175516786201,0.507568876415287
4.2630136986,0.4414989884386,0.572400618060161,0.506038054661241
4.2821917808,0.440754750052457,0.571957182465976,0.50529700710584
4.2876712329,0.440754750052457,0.571957182465976,0.50529700710584
4.2904109589,0.439938481737144,0.571426491637008,0.504395915563104
4.298630137,0.439213727771789,0.570071416932928,0.503677423804958
4.301369863,0.439593031266095,0.570547364856361,0.504591383294761
4.304109589,0.438534622835178,0.5689099120795,0.503232797473192
4.3068493151,0.439715118781291,0.570923932228578,0.504911886710937
4.3123287671,0.439715118781291,0.570923932228578,0.504911886710937
4.3150684932,0.439715118781291,0.570923932228578,0.504911886710937
4.3178082192,0.439715118781291,0.570923932228578,0.504911886710937
4.3205479452,0.439715118781291,0.570923932228578,0.504911886710937
4.3260273973,0.440194998597689,0.572907341948677,0.50665951964203
4.3315068493,0.4392706773138,0.570286475026872,0.505830545376393
4.3342465753,0.4392706773138,0.570286475026872,0.505830545376393
4.3369863014,0.4392706773138,0.569747376049373,0.505024774153969
4.3424657534,0.439037673387146,0.569747376049373,0.504404138032195
4.3452054795,0.441387258100287,0.57303191300812,0.507702060016134
4.3479452055,0.444114900222104,0.573737608559832,0.509199343209879
4.3506849315,0.445194416361144,0.57566017994338,0.510792639123533
4.3561643836,0.445677100142359,0.57633404124655,0.51224189967354
4.3671232877,0.447281769958127,0.57716575319544,0.513671769171318
4.3753424658,0.447281769958127,0.57716575319544,0.513671769171318
4.3808219178,0.449328493378066,0.580701477412144,0.515313691186855
4.3835616438,0.449149742666776,0.580774530917745,0.516346720852871
4.4054794521,0.448688669467294,0.580411302287641,0.51558883484292
4.4082191781,0.448688669467294,0.580411302287641,0.51558883484292
4.4109589041,0.448688669467294,0.580411302287641,0.51558883484292
4.4191780822,0.448326950959201,0.580086895626903,0.514738680163339
4.4246575342,0.446862749024871,0.580086895626903,0.513854612396897
4.4273972603,0.446480438886531,0.579076613441473,0.513048033564937
4.4301369863,0.44765765890552,0.57980787568215,0.514107012038281
4.4328767123,0.44765765890552,0.57980787568215,0.514107012038281
4.4438356164,0.446408149243711,0.578154769920342,0.513199070666516
4.4465753425,0.446100600484579,0.577696282019665,0.512399710893927
4.4520547945,0.446100600484579,0.577696282019665,0.512399710893927
4.4547945205,0.445789623502904,0.577696282019665,0.511653381991839
4.4575342466,0.448010429140431,0.57959316392964,0.513394147606939
4.4657534247,0.448010429140431,0.57959316392964,0.513394147606939
4.4684931507,0.448010429140431,0.57959316392964,0.513394147606939
4.4767123288,0.448010429140431,0.57959316392964,0.513394147606939
4.4794520548,0.44750062962967,0.579209414105403,0.51283551200726
4.4904109589,0.44750062962967,0.579209414105403,0.51283551200726
4.4931506849,0.446216480774332,0.576911646843501,0.511995139351503
4.495890411,0.446216480774332,0.576911646843501,0.511995139351503
4.498630137,0.444560574332307,0.574965596268109,0.510510885293737
4.501369863,0.444560574332307,0.574965596268109,0.510510885293737
4.504109589,0.444560574332307,0.574965596268109,0.510510885293737
4.5095890411,0.445702256147411,0.576255946486493,0.512065574547385
4.5123287671,0.445702256147411,0.576255946486493,0.512065574547385
4.5260273973,0.445702256147411,0.576255946486493,0.512065574547385
4.5287671233,0.445702256147411,0.576255946486493,0.512065574547385
4.5369863014,0.446044051731089,0.580296814970724,0.513872837602544
4.5506849315,0.444626645863858,0.579563188805355,0.513010098148667
4.5561643836,0.443773404569599,0.578197660252603,0.512300822162835
4.5671232877,0.443456268504112,0.576848974585335,0.511509519672339
4.5698630137,0.44285148399037,0.576363658942972,0.510654863017609
4.5726027397,0.441894769732878,0.574574084361382,0.50989837954122
4.5780821918,0.441894769732878,0.574574084361382,0.50989837954122
4.5863013699,0.440190288872573,0.574286857410814,0.509046537803005
4.597260274,0.438838243744046,0.574286857410814,0.507405830459213
4.602739726,0.438263206369872,0.57340045219755,0.506679596511645
4.6136986301,0.438263206369872,0.57340045219755,0.506679596511645
4.6164383562,0.43681944299039,0.572329923925613,0.505068999143044
4.6246575342,0.435949290186377,0.570158805230118,0.504321868105953
4.6356164384,0.435735352721337,0.569572517441195,0.503605865580435
4.6438356164,0.435735352721337,0.569572517441195,0.503605865580435
4.6465753425,0.435735352721337,0.569572517441195,0.503605865580435
4.6520547945,0.435445771400362,0.568171110298326,0.50288473150543
4.6630136986,0.435445771400362,0.568171110298326,0.50288473150543
4.6684931507,0.435167111661342,0.567262628166918,0.50214839029589
4.6712328767,0.434787632448855,0.566660316912392,0.501180107585773
4.6767123288,0.434282587418607,0.565842536355807,0.50050050070258
4.6794520548,0.433127023694945,0.564132655759384,0.499783383238106
4.6821917808,0.433127023694945,0.564132655759384,0.499783383238106
4.6876712329,0.435985915762697,0.565910677353026,0.50136565290475
4.6931506849,0.436292176061728,0.567441109662707,0.502818446459829
4.698630137,0.437998235416679,0.570755370831468,0.504298730926483
4.701369863,0.436434024077096,0.567235093950569,0.502864164577307
4.704109589,0.435827870578248,0.567235093950569,0.502059629821006
4.7095890411,0.437106959872838,0.568565914967093,0.503298484492935
4.7123287671,0.437106959872838,0.568565914967093,0.503298484492935
4.7150684932,0.438741031564363,0.570352133844041,0.504931808346877
4.7178082192,0.438741031564363,0.570352133844041,0.504931808346877
4.7232876712,0.438741031564363,0.570352133844041,0.504931808346877
4.7287671233,0.438736990384034,0.569917316463273,0.504134370105523
4.7315068493,0.438736990384034,0.569917316463273,0.504134370105523
4.7342465753,0.438736990384034,0.569917316463273,0.504134370105523
4.7424657534,0.438736990384034,0.569917316463273,0.504134370105523
4.7452054795,0.438736990384034,0.569917316463273,0.504134370105523
4.7561643836,0.438736990384034,0.569917316463273,0.504134370105523
4.7589041096,0.438890800134649,0.570361618627906,0.50430677430695
4.7643835616,0.438890800134649,0.570361618627906,0.50430677430695
4.7698630137,0.438890800134649,0.570361618627906,0.50430677430695
4.7808219178,0.437271635189897,0.569094746315656,0.502846879781146
4.7863013699,0.436033807449472,0.565957554567149,0.501356119294035
4.7890410959,0.435641599431157,0.564924541130558,0.500506787780666
4.7917808219,0.437044303703974,0.565684789910671,0.501999802291844
4.7945205479,0.43547053069074,0.564734465827345,0.501223631897808
4.8082191781,0.43485688835322,0.562397552150122,0.50045044038651
4.8164383562,0.433820709744709,0.562397552150122,0.498696157957023
4.8191780822,0.433820709744709,0.562397552150122,0.498696157957023
4.8219178082,0.432964095248448,0.561590909380137,0.498030575640262
4.8301369863,0.431910364843553,0.559441713115676,0.496624828221473
4.8356164384,0.431635425049622,0.559025997122633,0.495961911900775
4.8438356164,0.430905319860191,0.558536536399156,0.495188536183253
4.8465753425,0.430905319860191,0.558536536399156,0.495188536183253
4.8493150685,0.432497253809686,0.559890346011612,0.496758322889891
4.8547945205,0.432227065022015,0.559381544052546,0.496088392294728
4.8602739726,0.432227065022015,0.559381544052546,0.496088392294728
4.8657534247,0.430821195271481,0.557813897082569,0.495195947088738
4.8739726027,0.43250568862377,0.557604519757523,0.496358883369017
4.8767123288,0.431240955125976,0.556488298702707,0.495611831927605
4.8876712329,0.433355214175595,0.557837703211191,0.49754787115628
4.8904109589,0.434055118751735,0.561389817459799,0.499113231429258
4.895890411,0.434939179338724,0.562168045557546,0.500166939100567
4.898630137,0.436801468816626,0.564146715397614,0.501388311386283
4.9068493151,0.436801468816626,0.564146715397614,0.501388311386283
4.9095890411,0.436202278947037,0.56378690690641,0.500648746995717
4.9150684932,0.436202278947037,0.56378690690641,0.500648746995717
4.9205479452,0.436202278947037,0.56378690690641,0.500648746995717
4.9369863014,0.435945824971166,0.563421951281424,0.499995636549451
4.9397260274,0.435647626261075,0.561997864549094,0.499292581461036
4.9424657534,0.433911610431432,0.560835179362887,0.49790680190649
4.9452054795,0.433293471430202,0.560128226485199,0.49715767163833
4.9534246575,0.434798932174812,0.560128226485199,0.498797020700816
4.9561643836,0.434152636222552,0.559563765496362,0.498257846747013
4.9643835616,0.434152636222552,0.559563765496362,0.498257846747013
4.9671232877,0.435873705010062,0.560896263049395,0.499857249289433
4.9726027397,0.437431632127875,0.563740925388045,0.501192045858968
4.9753424658,0.436858921355435,0.562340077504508,0.500421238380444
4.9808219178,0.437916801651291,0.562744102237117,0.501211030781596
4.9835616438,0.437157083333363,0.562262487876892,0.500511116661564
4.9890410959,0.436681766781061,0.5615708731898,0.499834128321596
4.9917808219,0.436681766781061,0.5615708731898,0.499834128321596
5,0.436681766781061,0.5615708731898,0.499834128321596
